Workbook

Sheet 30-Days-Topic
A1: Day | B1: Date | C1: 星期 | D1: 階段 | E1: 專案主題 | F1: 內容摘要 | G1: 使用介面
A2: 1 | B2: 46249 | C2: =TEXT(B2, "aaaa") -> 星期六 | D2: 前言 | F2: 整體需求與目標、自我背景簡介 | G2: -
A3: 2 | B3: 46250 | C3: =TEXT(B3, "aaaa") -> 星期日 | D3: 基礎說明 | F3: claude.ai vs Claude Desktop vs Claude Code：記憶機制 | G3: -
A4: 3 | B4: 46251 | C4: =TEXT(B4, "aaaa") -> 星期一 | D4: 更好的提示詞 | F4: 請 Claude 幫我生成更好的 Gemini Notebook 提示詞去整理財經影片 | G4: claude.ai
A5: 4 | B5: 46252 | C5: =TEXT(B5, "aaaa") -> 星期二 | D5: 更好的提示詞&開始用 Agent | F5: final 版提示詞收尾（代號查證外包給證交所、字數改分項下限）&Claude in Chrome 初體驗 | G5: claude.ai
A6: 5 | B6: 46253 | C6: =TEXT(B6, "aaaa") -> 星期三 | D6: 實作挑戰 | F6: HTML 模擬（飛機飛行 / 心理學注意力遊戲 / 腦迴路概念圖） | G6: claude.ai
A7: 6 | B7: 46254 | C7: =TEXT(B7, "aaaa") -> 星期四 | D7: 實作挑戰 | F7: 利用 ICP 或 NDT 模擬太空中登陸艇降落固體行星表面選擇最佳地點 | G7: claude.ai
A8: 7 | B8: 46255 | C8: =TEXT(B8, "aaaa") -> 星期五 | D8: 網路與硬體、環境 | F8: 安裝 Claude Desktop、讓WiFi設定更優化、診斷電腦為何變慢、檢查Anaconda環境 | G8: Claude Desktop
A9: 8 | B9: 46256 | C9: =TEXT(B9, "aaaa") -> 星期六 | D9: 應用程式 | E9: Office | F9: Word: 模板之建立 / EXCEL: 整理 / PPT: 從 Word 與 EXCEL 幫我做 PPT | G9: claude.ai & Claude Desktop
A10: 9 | B10: 46257 | C10: =TEXT(B10, "aaaa") -> 星期日 | D10: 基礎說明 | F10: Agent Skill | G10: -
A11: 10 | B11: 46258 | C11: =TEXT(B11, "aaaa") -> 星期一 | D11: 基礎說明 | F11: 使用 Claude Code (Cmd & VS Code) & CLAUDE.md: 全域 vs. 專案 & Session 交接信 | G11: Claude Code (via VS Code)
A12: 11 | B12: 46259 | C12: =TEXT(B12, "aaaa") -> 星期二 | D12: 基礎說明 | F12: settings.json 圍欄與 skills / rules / agents 的 context 分層：一句話該寫成哪一種檔案 | G12: Claude Code (CLI + VS Code)
A13: 12 | B13: 46260 | C13: =TEXT(B13, "aaaa") -> 星期三 | D13: 股票相關權限申請 | F13: 永豐金 Shioaji API & FRED API Key、免費的 yfinance、GitHub 帳號 | G13: -
A14: 13 | B14: 46261 | C14: =TEXT(B14, "aaaa") -> 星期四 | D14: Prj#1 暖身專案 | E14: 小工具製作 | F14: 直接vibe coding要求、根據需求或條件改成更完美的樣子 | G14: Claude Code (via VS Code)
A15: 14 | B15: 46262 | C15: =TEXT(B15, "aaaa") -> 星期五 | D15: Prj#2 架構專案 | E15: 統計分析程式 | F15: 用 /dataviz 與視覺化、 Bolasso 與回歸統計模型及統計指標 | G15: Claude Code (via VS Code)
A16: 15 | B16: 46263 | C16: =TEXT(B16, "aaaa") -> 星期六 | D16: Prj#2 架構專案 | E16: 統計分析程式 | F16: AI Vibe Coding、EXCEL欄位選擇與UI設計、統計圖表輸出、實測 | G16: Claude Code (via VS Code)
A17: 16 | B17: 46264 | C17: =TEXT(B17, "aaaa") -> 星期日 | D17: 應用程式 | E17: Office | F17: Word: 模板不動只換資料與圖 / EXCEL: 把 bootstrap 攤在儲存格上 / PPT: 把一疊文字檔讀成簡報 | G17: Claude Code (via VS Code)
A18: 17 | B18: 46265 | C18: =TEXT(B18, "aaaa") -> 星期一 | D18: Prj#3 硬體串接 | E18: 硬體串接 (Mi Band 6 + bleak) | F18: Python bleak 與 BLE GATT 基礎、唯讀界線與可行性評估，一定要 claude code | G18: Claude Code (via VS Code)
A19: 18 | B19: 46266 | C19: =TEXT(B19, "aaaa") -> 星期二 | D19: Prj#3 硬體串接 | E19: 硬體串接 (Mi Band 6 + bleak) | F19: 實作結果（CLI／GUI／unit_test／requirements）與 /design 三版 UI 選型 | G19: Claude Code (via VS Code)
A20: 19 | B20: 46267 | C20: =TEXT(B20, "aaaa") -> 星期三 | D20: Prj#3 硬體串接 | E20: 硬體串接 (Mi Band 6 + bleak) | F20: 免認證讀得到什麼、被拒絕的三種樣子，以及六個與 BLE 無關的坑 | G20: Claude Code (via VS Code)
A21: 20 | B21: 46268 | C21: =TEXT(B21, "aaaa") -> 星期四 | D21: Prj#4 個人網頁 | E21: Github Pages | F21: 用 Claude 檢查我的個人網頁 (確認圖片與SEO設定)、最佳寬度 48 rem (人因工程) | G21: Claude Code (via VS Code)
A22: 21 | B22: 46269 | C22: =TEXT(B22, "aaaa") -> 星期五 | D22: Prj#4 個人網頁 | E22: Github Pages | F22: 用 Claude 幫我轉換: 教召攜帶物品，從用猜的 Word 清單到帶推薦指數的 Excel，再搬上網頁 | G22: Claude Code (via VS Code)
A23: 22 | B23: 46270 | C23: =TEXT(B23, "aaaa") -> 星期六 | D23: Prj#4 個人網頁 | E23: Github Pages | F23: 用 Claude 幫我轉換: Word/EXCEL 旅遊規劃，如何在個人網頁規劃出旅程 | G23: Claude Code (via VS Code)
A24: 23 | B24: 46271 | C24: =TEXT(B24, "aaaa") -> 星期日 | D24: Prj#4 個人網頁 | E24: Github Pages | F24: 重建個人網頁架構、更新履歷，順便把履歷照片藏在刮刮樂底下 | G24: Claude Code (via VS Code)
A25: 24 | B25: 46272 | C25: =TEXT(B25, "aaaa") -> 星期一 | D25: Prj#5 股票分析 | E25: Stock Analysis & Github Pages CD | F25: 定調「去查、去跑，不要靠回想」：另開兩個 repo、標的收斂、總經指標選法、Shioaji 對帳、排程放本機 | G25: Claude Code (via VS Code)
... A29: 28 | B29: 46276 | C29: =TEXT(B29, "aaaa") -> 星期五 | D29: Prj#5 股票分析 | E29: Stock Analysis & Github Pages CD | F29: 補得回來的價格與補不回來的五天：run log、自動掃頻率、失敗通知、金鑰分級、額度與免責 | G29: Claude Code (via VS Code)
A30: 29 | B30: 46277 | C30: =TEXT(B30, "aaaa") -> 星期六 | D30: 總結 | F30: 把 AI 講給沒碰過的人聽：做一份給長輩的 26 頁 AI 入門簡報 | G30: Claude Code (via VS Code)
A31: 30 | B31: 46278 | C31: =TEXT(B31, "aaaa") -> 星期日 | D31: 總結 | F31: 回顧：Day 02 三介面分工假說驗收、分工原則定版，並公開這份 30 天計畫表 | G31: -

Sheet 30-Days-Detail
A1: Day | B1: 階段 | C1: 專案主題 | D1: 內容摘要 | E1: 使用介面 | F1: 內容大綱
A2: 1 | B2: 前言 | D2: ='30-Days-Topic'!F2 -> 整體需求與目標、自我背景簡介 | E2: - | F2: ・為何參賽：把散落在三個介面的用法整理成一套可複用的工作流 ・我的背景：航太 → 心理與腦科學 → 醫材研發（生理訊號） ・這 30 天要回答的三個問題 ・30 天的路線圖，以及讀者需要準備什麼 ・能從這裡帶走什麼，還有幾件先講清楚的事
A3: 2 | B3: 基礎說明 | D3: ='30-Days-Topic'!F3 -> claude.ai vs Claude Desktop vs Claude Code：記憶機制 | E3: - | F3: ・Claude 現在有幾個介面、幾種模式：Surface（Web / Desktop / Mobile / Chrome）× Mode（Chat / Cowork / Code） ・Chat 記憶四層：context window、search past chats、Memory、Project，外加 Incognito ・Cowork 與 Chat 的差異，以及一個很容易被忽略的設定分裂 ・Claude Code：CLAUDE.md（寫給它的）vs auto memory（它寫給自己的）；App 版遠端控制的三條路與安全性 ・記憶同步矩陣＋三介面分工假說 H1–H3，留待 Day 30 驗證 ・橫向對照 ChatGPT／Gemini／Grok／Meta AI，以及腦科學與心理學的記憶模型類比
A4: 3 | B4: 更好的提示詞 | D4: ='30-Days-Topic'!F4 -> 請 Claude 幫我生成更好的 Gemini Notebook 提示詞去整理財經影片 | E4: claude.ai | F4: ・三個世代 v1 / v2 / v3：對模型的信任程度如何改變 ・五項變動：語言、代號、網址、通路格式、重複計票 ・沒預期到的退步：v3 刪掉一條自查規則，共識區出現大量無法回溯的歸屬 ・三版都沒解決的名稱聽打錯誤 ・實測：同一批影片跑三個版本，以及這次實測的限制 ・我的四步操作流程，與跨模型協作的三條限制
A5: 4 | B5: 更好的提示詞 開始用 Agent | D5: ='30-Days-Topic'!F5 -> final 版提示詞收尾（代號查證外包給證交所、字數改分項下限）&Claude in Chrome 初體驗 | E5: claude.ai | F5: ・final 相對 v3 改了什麼 ・治好了：查代號外包給證交所、用分項深度換回資訊量 ・治不好：共識區，以及為什麼決定停在 final ・真正的問題：衡量改動的那把尺本身就是歪的 ・換個場子：Claude in Chrome 的授權與設定 ・兩個實驗：跨站比價（價格點要回商品頁驗）、維基百科單頁抓圖
A6: 5 | B6: 實作挑戰 | D6: ='30-Days-Topic'!F6 -> HTML 模擬（飛機飛行 / 心理學注意力遊戲 / 腦迴路概念圖） | E6: claude.ai | F6: ・為什麼是 HTML，不是投影片或圖 ・三個題目：飛機起降模擬、注意力測驗組、預設模式網路玻璃腦 ・三個題目暴露出來的分級 ・三個檔案共同的規格：單一自足檔案
A7: 6 | B7: 實作挑戰 | D7: ='30-Days-Topic'!F7 -> 利用 ICP 或 NDT 模擬太空中登陸艇降落固體行星表面選擇最佳地點 | E7: claude.ai | F7: ・那一句話其實已經把題目定死了一半 ・Claude 自己補出來的處理管線 ・ICP 與 NDT 實際在做的事，以及實作結果與教科書不相符的地方 ・三個坑，全部不在提示詞裡 ・從地形圖到「降落在哪裡」，最後又是一頁 HTML，但角色不一樣 ・跟 Day 05 比，差在可驗證性
A8: 7 | B8: 網路與硬體、環境 | D8: ='30-Days-Topic'!F8 -> 安裝 Claude Desktop、讓WiFi設定更優化、診斷電腦為何變慢、檢查Anaconda環境 | E8: Claude Desktop | F8: ・先把 Claude Desktop 裝起來，兩次都撞到同一道牆 ・編碼踩了兩次，第二次學乖了 ・Wi-Fi：訊號滿格、零干擾，然後呢 ・打開 Computer Use，撞到一張分層的權限表 ・電腦變慢與當機史：假設在第三個數字就被推翻，兇手在沒想過的地方 ・Anaconda：把環境裡的 Office 套件先盤點起來
A9: 8 | B9: 應用程式 | C9: Office | D9: ='30-Days-Topic'!F9 -> Word: 模板之建立 / EXCEL: 整理 / PPT: 從 Word 與 EXCEL 幫我做 PPT | E9: claude.ai Claude Desktop | F9: ・題目與產出檔案 ・兩個岔路：檔案在哪裡、先問還是先做 ・Word 範本：兩條完全不同的技術路線 ・Excel：兩邊都把寬表變長表；PPT：17 頁 vs 16 頁 ・人沒看到、機器看到的事：住宿費重複計價差 8,891 元、一格塞了兩筆時間 ・schema 過了不代表看起來對，以及兩邊都沒解決的事
A10: 9 | B10: 基礎說明 | D10: ='30-Days-Topic'!F10 -> Agent Skill | E10: - | F10: ・Skill 是什麼，以及最小範例 ・各介面的預設 Skill 對照：Cowork 的陷阱與名稱衝突的解析順序 ・如何在各介面加入自己的 Skill，frontmatter 關鍵欄位速查 ・Marketplace：官方／社群／自架，Plugin vs Skill 與安全提醒 ・mattpocock/skills 的設計哲學與四大失敗模式 ・Model 與 Effort 對 Skill 遵從性的影響、撰寫原則與三個常見誤解
A11: 10 | B11: 基礎說明 | D11: ='30-Days-Topic'!F11 -> 使用 Claude Code (Cmd & VS Code) & CLAUDE.md: 全域 vs. 專案 & Session 交接信 | E11: Claude Code (via VS Code) | F11: ・兩種安裝：終端機 CLI 與 VS Code 擴充套件，而且不是同一件事 ・在 VS Code 裡實際會用到的入口、三個天天用的鍵、改動要經過同意 ・為什麼需要一份全域規範 ・我這份 CLAUDE.md 的章節導覽（第 0 到第 9 節） ・全域 vs 專案：同一個機制的兩層；第一條規則怎麼長出來的與 LESSONS.md 緩衝層 ・為什麼要有 Session 交接信？格式與撰寫時機？
A12: 11 | B12: 基礎說明 | D12: ='30-Days-Topic'!F12 -> settings.json 圍欄與 skills / rules / agents 的 context 分層：一句話該寫成哪一種檔案 | E12: Claude Code (CLI + VS Code) | F12: ・先把 settings / skills / rules / agents 分成兩類：圍欄與 context ・settings.json：唯一真的擋得住事情的那一層 ・剩下的都是 context，所以它們比的是「什麼時候才進來」 ・Skills：八個資料夾，只有兩個帶額外欄位 ・Rules：按檔案類型才載入的那一層 ・Agents：委派的時機、代價，與那個沒人提醒的坑；最後是一句話該放哪
A13: 12 | B13: 股票相關權限申請 | D13: ='30-Days-Topic'!F13 -> 永豐金 Shioaji API & FRED API Key、免費的 yfinance、GitHub 帳號 | E13: - | F13: ・今天要辦的四件事 ・永豐金 Shioaji：先要有證券戶，審核要等幾天 ・FRED API Key：上網填一頁就好 ・yfinance：不用申請，但要知道它的代價 ・台灣其他券商的 API 對照 ・記得還要有一個 GitHub 帳號
A14: 13 | B14: Prj#1 暖身專案 | C14: 小工具製作 | D14: ='30-Days-Topic'!F14 -> 直接vibe coding要求、根據需求或條件改成更完美的樣子 | E14: Claude Code (via VS Code) | F14: ・為什麼是這三個工具，而且是這個順序 ・image2ico：第一版完全不給專案規則的 vibe coding ・打包：三個專案共用的 .spec 骨架 ・webp2image：背景執行緒不能碰 widget ・pdf_compression：檔案終於拆開了 ・後來追加的兩個條件，以及它們怎麼變成下一版的規則
A15: 14 | B15: Prj#2 架構專案 | C15: 統計分析程式 | D15: ='30-Days-Topic'!F15 -> 用 /dataviz 與視覺化、 Bolasso 與回歸統計模型及統計指標 | E15: Claude Code (via VS Code) | F15: ・為什麼這支程式不能照 Day 13 的做法 ・資料來源：一份任何人都能重跑的樣板 ・/dataviz：先把資料看過一遍 ・Bolasso：讓變項自己去投票 ・迴歸模型與統計指標的選擇 ・明天要丟出去的那份 prompt
A16: 15 | B16: Prj#2 架構專案 | C16: 統計分析程式 | D16: ='30-Days-Topic'!F16 -> AI Vibe Coding、EXCEL欄位選擇與UI設計、統計圖表輸出、實測 | E16: Claude Code (via VS Code) | F16: ・Day 13 換來的五條，這次當起手式 ・沒寫進 prompt 的那一條：α 怎麼挑 ・Excel 的欄位怎麼走進 UI ・圖表：原本預期用 /dataviz，實際走的是另一條 ・跑出來的東西、打包，以及估錯的數字 ・沒做到的
A17: 16 | B17: 應用程式 | C17: Office | D17: ='30-Days-Topic'!F17 -> Word: 模板不動只換資料與圖 / EXCEL: 把 bootstrap 攤在儲存格上 / PPT: 把一疊文字檔讀成簡報 | E17: Claude Code (via VS Code) | F17: ・Word：模板一個位元組都不動，只換資料與圖 ・Excel：把 Day 15 那段 0.07 秒跑完的 bootstrap 攤在儲存格上，按 F9 重抽一次 ・PPT：把一整疊文字檔讀完，整理成一份簡報 ・本機有 Office，所以 Excel 走 COM、PPT 用 PowerPoint 匯出 PNG 做目視驗證 ・討論：跟 Day 08 對照，一次性的產出 vs 可以重跑的產生器 ・環境知識是誰寫的：容器裡的 SKILL.md 與自己寫的 CLAUDE.md
A18: 17 | B18: Prj#3 硬體串接 | C18: 硬體串接 (Mi Band 6 + bleak) | D18: ='30-Days-Topic'!F18 -> Python bleak 與 BLE GATT 基礎、唯讀界線與可行性評估，一定要 claude code | E18: Claude Code (via VS Code) | F18: ・為何這題非 Claude Code 不可 ・BLE 在傳什麼：廣播、GATT 三層結構與 UUID ・特徵屬性、訂閱其實是一次寫入，以及拒絕的四種錯誤碼 ・bleak 是什麼，0.2x 範例為何跑不動 ・刻意唯讀：不認證、不寫入的三個理由 ・可行性評估、風險盤點與開工前定下的規矩
A19: 18 | B19: Prj#3 硬體串接 | C19: 硬體串接 (Mi Band 6 + bleak) | D19: ='30-Days-Topic'!F19 -> 實作結果（CLI／GUI／unit_test／requirements）與 /design 三版 UI 選型 | E19: Claude Code (via VS Code) | F19: ・交出來的東西，與只有兩行的 requirements.txt ・CLI 先行：互動選單九個動作，與 hex + ASCII 的輸出慣例 ・解碼器：把位元組變成看得懂的欄位，猜要留下痕跡 ・三支測試、離線 golden case，與位址改讀 device.local ・/design 三張稿：Main／ConsoleDark／CardGrouped 的取捨 ・GUI 的 MVP 分層與 asyncio／Tk 兩個迴圈的交棒
A20: 19 | B20: Prj#3 硬體串接 | C20: 硬體串接 (Mi Band 6 + bleak) | D20: ='30-Days-Topic'!F20 -> 免認證讀得到什麼、被拒絕的三種樣子，以及六個與 BLE 無關的坑 | E20: Claude Code (via VS Code) | F20: ・免認證拿得到的七個欄位，與被標準 GATT 表騙到的三格 ・被拒絕的方式不只兩種：沒開放、讀了被拒，還有讀得到但是空的 ・華米 0x0007：禁止 read 卻會主動推的即時步數 ・六個坑：關窗炸掉、求值順序、ttkbootstrap 版本差異 ・狀態機與關閉流程的五個步驟 ・實際測試：GATT 85 節點、讀 25 成功 4 被拒、走兩分鐘 55 個封包
A21: 20 | B21: Prj#4 個人網頁 | C21: Github Pages | D21: ='30-Days-Topic'!F21 -> 用 Claude 檢查我的個人網頁 (確認圖片與SEO設定)、最佳寬度 48 rem (人因工程) | E21: Claude Code (via VS Code) | F21: ・先要清單，不要修改 ・沒有症狀的那幾項：建置警告、兩個語言貼文數對不齊、履歷頁標題階層 ・檔案很大，不等於有成本 ・閱讀寬度：主題原本就設好了，是我自己拿掉的 ・搬家的時候，已經發出去的連結還在 ・清單它列，權衡我自己扛
A22: 21 | B22: Prj#4 個人網頁 | C22: Github Pages | D22: ='30-Days-Topic'!F22 -> 用 Claude 幫我轉換: 教召攜帶物品，從用猜的 Word 清單到帶推薦指數的 Excel，再搬上網頁 | E22: Claude Code (via VS Code) | F22: ・教召之前：一份用猜的 Word 清單 ・教召之後：一份帶著推薦指數的 Excel ・轉換時沒料到的三件事 ・幾個為什麼：打勾框、分組方式、要不要留原始檔
A23: 22 | B23: Prj#4 個人網頁 | C23: Github Pages | D23: ='30-Days-Topic'!F23 -> 用 Claude 幫我轉換: Word/EXCEL 旅遊規劃，如何在個人網頁規劃出旅程 | E23: Claude Code (via VS Code) | F23: ・這頁本來長怎樣 ・原本有的問題 ・把分散生成的內容整理到同一頁面 ・上線前必須拿掉的內容 ・成品
A24: 23 | B24: Prj#4 個人網頁 | C24: Github Pages | D24: ='30-Days-Topic'!F24 -> 重建個人網頁架構、更新履歷，順便把履歷照片藏在刮刮樂底下 | E24: Claude Code (via VS Code) | F24: ・舊版那四格 ・新的五格導覽 ・履歷更新 ・刮開才看得到的照片 ・hugo.toml 在管什麼 ・部署流程
A25: 24 | B25: Prj#5 股票分析 | C25: Stock Analysis & Github Pages CD | D25: ='30-Days-Topic'!F25 -> 定調「去查、去跑，不要靠回想」：另開兩個 repo、標的收斂、總經指標選法、Shioaji 對帳、排程放本機 | E25: Claude Code (via VS Code) | F25: ・SPCX 事件：模型的知識截止日，所以叫它去查、去跑，不要叫它回想 ・為什麼另開兩個 repo，而不是長在個人網站裡 ・標的怎麼收斂：每個市場「指數 + 兩檔 ETF」，權值股名單去期交所查 ・總經指標選了哪些 ・張、股、口：單位不統一的地雷 ・Shioaji 跟 yfinance 對不對得起來，以及排程為什麼放本機
... A29: 28 | B29: Prj#5 股票分析 | C29: Stock Analysis & Github Pages CD | D29: ='30-Days-Topic'!F29 -> 補得回來的價格與補不回來的五天：run log、自動掃頻率、失敗通知、金鑰分級、額度與免責 | E29: Claude Code (via VS Code) | F29: ・兩個市場的五天，不是同一組日期 ・哪幾天是觀測的、哪幾天是回補的，run log 說了什麼 ・總經：按更新頻率自動掃 ・失敗通知與重試、金鑰分級 ・額度、成本與限制，以及這套加密擋得住什麼、擋不住什麼 ・資料授權與免責，並明確寫出沒做的
A30: 29 | B30: 總結 | D30: ='30-Days-Topic'!F30 -> 把 AI 講給沒碰過的人聽：做一份給長輩的 26 頁 AI 入門簡報 | E30: Claude Code (via VS Code) | F30: ・先把 AI 跟 LLM 講清楚，兩條時間軸 ・現在有哪些能用、怎麼判斷好壞，以及中國模型要不要用 ・真正卡住新手的那一步：到底怎麼打開來用 ・怎麼問才問得到想要的答案：兩種問法、講話順序、它會在哪裡出錯 ・讓 AI 直接生出 Office 檔案，以及筆記本類功能 ・結尾要留下的兩件事：不要全信，以及防詐
A31: 30 | B31: 總結 | D31: ='30-Days-Topic'!F31 -> 回顧：Day 02 三介面分工假說驗收、分工原則定版，並公開這份 30 天計畫表 | E31: - | F31: ・回頭檢視 Day 02 提出的三條分工假說，逐條驗收 ・跟介面完全無關的那五條 ・三介面分工原則定版：與其記三個介面，不如問三個問題 ・適用邊界與三個例外情況 ・後續打算怎麼繼續用 ・公開這份 30 天計畫表，對照計畫與實際的落差
